# Time (s), X (m), Y (m), Z (m), Vx (m/s), Vy (m/s), Vz (m/s), e0, e1, e2, e3, ω1 (rad/s), ω2 (rad/s), ω3 (rad/s)
0.000000,0.000000,0.000000,1471.466078,0.000000,0.000000,0.000000,0.972581,0.085090,-0.018864,-0.215616,0.000000,0.000000,0.000000
0.450000,-0.467589,-1.003160,1477.703575,-2.536265,-5.448575,33.187307,0.972589,0.084972,-0.018894,-0.215623,-0.005112,-0.002634,0.000000
0.900000,-2.387295,-5.111610,1502.093942,-6.037548,-12.797011,75.684461,0.972887,0.080183,-0.020748,-0.215943,-0.028819,-0.023732,0.000000
1.350000,-5.954612,-12.443544,1546.129857,-9.890842,-19.678842,120.081475,0.972981,0.076183,-0.025637,-0.216442,0.018961,-0.015248,0.000000
1.800000,-11.356039,-22.847592,1610.092914,-14.137560,-26.707650,163.925079,0.972375,0.084057,-0.026440,-0.216153,0.016259,0.008776,0.000000
2.250000,-18.649381,-36.493724,1693.341722,-18.257430,-33.779469,205.616111,0.972383,0.082949,-0.028148,-0.216330,0.018342,-0.005826,0.000000
2.700000,-27.778205,-53.202613,1794.645354,-22.272834,-40.448369,244.125393,0.972184,0.085031,-0.029017,-0.216301,-0.000635,-0.010792,0.000000
3.150000,-38.669449,-72.813903,1912.560176,-25.904060,-46.356102,277.435280,0.972020,0.086398,-0.030225,-0.216330,0.002936,-0.007548,0.000000
3.600000,-50.575908,-94.072091,2038.951153,-26.644344,-47.535506,280.550592,0.971861,0.087853,-0.031147,-0.216331,0.010053,-0.000697,0.000000
4.050000,-62.504140,-115.365450,2163.604335,-26.270631,-46.941000,272.498613,0.971690,0.089542,-0.031845,-0.216302,0.010015,-0.000825,0.000000
4.500000,-74.207958,-136.302063,2284.099995,-25.753980,-46.121098,263.132435,0.971513,0.091253,-0.032574,-0.216273,0.009427,-0.001179,0.000000
4.950000,-85.687534,-156.883146,2400.484078,-25.270492,-45.356121,254.187656,0.971327,0.093015,-0.033337,-0.216244,0.009098,-0.001496,0.000000
5.400000,-96.955188,-177.129241,2512.918542,-24.810835,-44.632510,245.574369,0.971129,0.094845,-0.034132,-0.216214,0.009439,-0.002111,0.000000
5.850000,-108.011815,-197.058642,2621.547538,-24.346268,-43.947918,237.268374,0.970701,0.097357,-0.037870,-0.216395,0.011942,-0.006839,0.000000
6.300000,-118.861704,-216.688157,2726.502982,-23.883883,-43.299543,229.244520,0.970245,0.099954,-0.041618,-0.216569,0.014180,-0.011055,0.000000
6.750000,-129.506427,-236.034217,2827.910896,-23.428517,-42.689467,221.506348,0.969761,0.102636,-0.045348,-0.216730,0.016014,-0.014470,0.000000
7.200000,-139.949616,-255.114429,2925.900136,-22.984360,-42.117621,214.045541,0.969246,0.105420,-0.049104,-0.216883,0.016912,-0.015709,0.000000
7.650000,-150.195187,-273.945173,3020.589099,-22.551123,-41.580222,206.834054,0.968685,0.108331,-0.053003,-0.217034,0.017036,-0.014905,0.000000
8.100000,-160.247579,-292.541160,3112.084589,-22.131439,-41.072303,199.848090,0.968083,0.111406,-0.056931,-0.217169,0.017145,-0.009986,0.000000
8.550000,-170.113824,-310.914807,3200.483328,-21.718978,-40.593706,193.067939,0.967485,0.114745,-0.060194,-0.217215,0.018236,-0.013799,0.000000
9.000000,-179.798410,-329.078462,3285.873552,-21.323584,-40.138342,186.474059,0.966843,0.118201,-0.063578,-0.217257,0.018998,-0.011730,0.000000
9.450000,-189.306500,-347.043043,3368.335575,-20.938439,-39.707140,180.050886,0.966133,0.121783,-0.067297,-0.217316,0.019618,-0.011517,0.000000
9.900000,-198.644034,-364.818364,3447.942945,-20.563267,-39.298023,173.784752,0.965380,0.125562,-0.070972,-0.217347,0.020643,-0.013565,0.000000
10.350000,-207.815843,-382.413965,3524.763350,-20.201625,-38.907942,167.662046,0.964566,0.129502,-0.074785,-0.217370,0.021554,-0.012759,0.000000
10.800000,-216.826702,-399.838433,3598.858408,-19.849059,-38.536814,161.670177,0.963677,0.133623,-0.078822,-0.217392,0.022531,-0.013650,0.000000
11.250000,-225.681586,-417.099618,3670.284652,-19.507157,-38.182568,155.799271,0.962723,0.137961,-0.082904,-0.217388,0.023678,-0.014222,0.000000
11.700000,-234.387313,-434.204919,3739.094058,-19.189008,-37.843273,150.037864,0.961817,0.142339,-0.086238,-0.217282,0.021079,-0.005132,0.000000
12.150000,-242.949957,-451.161182,3805.335140,-18.868618,-37.520486,144.383811,0.960888,0.146908,-0.089291,-0.217116,0.025225,-0.012954,0.000000
12.600000,-251.373710,-467.975217,3869.053404,-18.572776,-37.210771,138.823966,0.959841,0.151754,-0.092763,-0.216959,0.024389,-0.007834,0.000000
13.050000,-259.665240,-484.653116,3930.290727,-18.279862,-36.915524,133.356577,0.958729,0.156856,-0.096189,-0.216757,0.027520,-0.012575,0.000000
13.500000,-267.828731,-501.200973,3989.086627,-18.004974,-36.632496,127.971922,0.957470,0.162288,-0.100074,-0.216562,0.027977,-0.010224,0.000000
13.950000,-275.870487,-517.624296,4045.477485,-17.737014,-36.362172,122.667029,0.956140,0.168003,-0.103846,-0.216304,0.030433,-0.012610,0.000000
14.400000,-283.794062,-533.928642,4099.497874,-17.481548,-36.103378,117.435191,0.954617,0.174122,-0.108199,-0.216059,0.032112,-0.012725,0.000000
14.850000,-291.605401,-550.119009,4151.179470,-17.236466,-35.855720,112.272062,0.952993,0.180580,-0.112481,-0.215741,0.034068,-0.013060,0.000000
15.300000,-299.308081,-566.200432,4200.552445,-16.999635,-35.618968,107.173637,0.951156,0.187492,-0.117244,-0.215412,0.036766,-0.014934,0.000000
15.750000,-306.906848,-582.177567,4247.644653,-16.774247,-35.392181,102.134731,0.949128,0.194857,-0.122260,-0.215033,0.038926,-0.014874,0.000000
16.200000,-314.406042,-598.054892,4292.482200,-16.556753,-35.175339,97.152388,0.946890,0.202714,-0.127506,-0.214591,0.041879,-0.016294,0.000000
16.650000,-321.809307,-613.836794,4335.089653,-16.348716,-34.968097,92.222269,0.944367,0.211135,-0.133230,-0.214111,0.044716,-0.017367,0.000000
17.100000,-329.121947,-629.527756,4375.489260,-16.153287,-34.770985,87.339507,0.941683,0.219876,-0.138894,-0.213535,0.045394,-0.015839,0.000000
17.550000,-336.347838,-645.131793,4413.702485,-15.962394,-34.581505,82.504885,0.938753,0.229114,-0.144703,-0.212864,0.050238,-0.018241,0.000000
18.000000,-343.489265,-660.652360,4449.750150,-15.779147,-34.400316,77.713594,0.935287,0.239378,-0.151438,-0.212141,0.055729,-0.021066,0.000000
18.450000,-350.550755,-676.093421,4483.650453,-15.606847,-34.228013,72.960695,0.931376,0.250429,-0.158658,-0.211311,0.059058,-0.021420,0.000000
18.900000,-357.536442,-691.458689,4515.420464,-15.441500,-34.063219,68.245619,0.927050,0.262176,-0.166132,-0.210339,0.063690,-0.022730,0.000000
19.350000,-364.448917,-706.751352,4545.076929,-15.281684,-33.905343,63.566589,0.922077,0.274963,-0.174326,-0.209236,0.070402,-0.025769,0.000000
19.800000,-371.291104,-721.974577,4572.635201,-15.129417,-33.754635,58.919670,0.916302,0.288951,-0.183409,-0.207990,0.077065,-0.028370,0.000000
20.250000,-378.066560,-737.131565,4598.109045,-14.984907,-33.610864,54.302198,0.909708,0.304063,-0.193171,-0.206546,0.083404,-0.030205,0.000000
20.700000,-384.778429,-752.225300,4621.511431,-14.846519,-33.473411,49.713035,0.902203,0.320339,-0.203577,-0.204864,0.090764,-0.032590,0.000000
21.150000,-391.429223,-767.258526,4642.854795,-14.713450,-33.341900,45.150646,0.893550,0.337977,-0.214850,-0.202922,0.099608,-0.035975,0.000000
21.600000,-398.021399,-782.233885,4662.150665,-14.586106,-33.216209,40.612632,0.883505,0.357132,-0.227155,-0.200690,0.109266,-0.039687,0.000000
22.050000,-404.557624,-797.153963,4679.409470,-14.464779,-33.096171,36.096684,0.871879,0.377829,-0.240470,-0.198109,0.119208,-0.043206,0.000000
22.500000,-411.040545,-812.021245,4694.640744,-14.349101,-32.981511,31.601153,0.858494,0.400045,-0.254718,-0.195115,0.129527,-0.046677,0.000000
22.950000,-417.472574,-826.838091,4707.853376,-14.238505,-32.871975,27.124717,0.843123,0.423767,-0.269879,-0.191648,0.140460,-0.050436,0.000000
23.400000,-423.855911,-841.606762,4719.055633,-14.132657,-32.767370,22.665887,0.825491,0.448966,-0.285966,-0.187660,0.151900,-0.054544,0.000000
23.850000,-430.192665,-856.329436,4728.255043,-14.031466,-32.667507,18.222856,0.805340,0.475530,-0.302937,-0.183107,0.163329,-0.058730,0.000000
24.300000,-436.484912,-871.008189,4735.458272,-13.934835,-32.572114,13.793649,0.782494,0.503216,-0.320640,-0.177951,0.174023,-0.062601,0.000000
24.750000,-442.734650,-885.644949,4740.671075,-13.842454,-32.480797,9.376351,0.756906,0.531651,-0.338818,-0.172170,0.183230,-0.065831,0.000000
25.200000,-448.943680,-900.241443,4743.898910,-13.753747,-32.393009,4.969218,0.728683,0.560348,-0.357141,-0.165775,0.190229,-0.068196,0.000000
25.650000,-455.113473,-914.799099,4745.145749,-13.667892,-32.308026,0.570738,0.698106,0.588742,-0.375243,-0.158822,0.194332,-0.069520,0.000000
26.100000,-461.244999,-929.318888,4744.410226,-13.585073,-32.226105,-3.820967,0.665647,0.616223,-0.392742,-0.151424,0.194947,-0.069653,0.000000
26.550000,-467.339042,-943.801617,4741.704346,-13.515242,-32.157096,-8.213189,0.631935,0.642234,-0.409295,-0.143731,0.191747,-0.068481,0.000000
27.000000,-473.395947,-958.247651,4737.027068,-13.529663,-32.171434,-12.649017,0.597531,0.666420,-0.424683,-0.135880,0.184759,-0.065980,0.000000
27.450000,-478.826374,-972.074137,4730.749265,-8.592527,-27.288668,-13.908707,0.581758,0.676795,-0.431283,-0.132281,0.180467,-0.064440,0.000000
27.900000,-481.175496,-982.853046,4724.654046,-2.325875,-21.090040,-13.322524,0.581758,0.676795,-0.431283,-0.132281,0.180467,-0.064440,0.000000
28.350000,-481.231610,-991.363586,4718.668125,1.824583,-16.983620,-13.353140,0.581758,0.676795,-0.431283,-0.132281,0.180467,-0.064440,0.000000
28.800000,-479.707107,-998.310064,4712.588606,4.802263,-14.036643,-13.705507,0.581758,0.676795,-0.431283,-0.132281,0.180467,-0.064440,0.000000
29.250000,-477.015584,-1004.101360,4706.307693,7.065854,-11.795567,-14.229826,0.581758,0.676795,-0.431283,-0.132281,0.180467,-0.064440,0.000000
29.700000,-473.417322,-1008.994748,4699.769080,8.862603,-10.015892,-14.839692,0.581758,0.676795,-0.431283,-0.132281,0.180467,-0.064440,0.000000
30.150000,-469.087281,-1013.163128,4692.947420,10.336906,-8.554812,-15.480392,0.581758,0.676795,-0.431283,-0.132281,0.180467,-0.064440,0.000000
30.600000,-464.149058,-1016.728599,4685.837534,11.577148,-7.324902,-16.115860,0.581758,0.676795,-0.431283,-0.132281,0.180467,-0.064440,0.000000
31.050000,-458.694388,-1019.781738,4678.447538,12.639717,-6.270378,-16.722206,0.581758,0.676795,-0.431283,-0.132281,0.180467,-0.064440,0.000000
31.500000,-452.794335,-1022.392677,4670.794209,13.561816,-5.354433,-17.284269,0.581758,0.676795,-0.431283,-0.132281,0.180467,-0.064440,0.000000
31.950000,-446.505921,-1024.617653,4662.899653,14.368713,-4.552068,-17.793519,0.581758,0.676795,-0.431283,-0.132281,0.180467,-0.064440,0.000000
32.400000,-439.876900,-1026.503734,4654.788563,15.078680,-3.845214,-18.246165,0.581758,0.676795,-0.431283,-0.132281,0.180467,-0.064440,0.000000
32.850000,-432.947652,-1028.090697,4646.486586,15.705033,-3.220705,-18.642117,0.581758,0.676795,-0.431283,-0.132281,0.180467,-0.064440,0.000000
33.300000,-425.753348,-1029.413174,4638.018806,16.258205,-2.668232,-18.983710,0.581758,0.676795,-0.431283,-0.132281,0.180467,-0.064440,0.000000
33.750000,-418.324970,-1030.501654,4629.408832,16.746700,-2.179403,-19.274821,0.581758,0.676795,-0.431283,-0.132281,0.180467,-0.064440,0.000000
34.200000,-410.689951,-1031.383129,4620.678318,17.177692,-1.747139,-19.520229,0.581758,0.676795,-0.431283,-0.132281,0.180467,-0.064440,0.000000
34.650000,-402.872757,-1032.081662,4611.846738,17.557416,-1.365299,-19.725090,0.581758,0.676795,-0.431283,-0.132281,0.180467,-0.064440,0.000000
35.100000,-394.895138,-1032.618645,4602.931088,17.891389,-1.028447,-19.894517,0.581758,0.676795,-0.431283,-0.132281,0.180467,-0.064440,0.000000
35.550000,-386.776633,-1033.013287,4593.946244,18.184587,-0.731683,-20.033405,0.581758,0.676795,-0.431283,-0.132281,0.180467,-0.064440,0.000000
36.000000,-378.534536,-1033.282592,4584.904942,18.441428,-0.470663,-20.146316,0.581758,0.676795,-0.431283,-0.132281,0.180467,-0.064440,0.000000
36.450000,-370.184250,-1033.441703,4575.817909,18.665909,-0.241454,-20.237295,0.581758,0.676795,-0.431283,-0.132281,0.180467,-0.064440,0.000000
36.900000,-361.739538,-1033.504148,4566.694193,18.861652,-0.040496,-20.309901,0.581758,0.676795,-0.431283,-0.132281,0.180467,-0.064440,0.000000
37.350000,-353.212617,-1033.481937,4557.541353,19.031909,0.135410,-20.367232,0.581758,0.676795,-0.431283,-0.132281,0.180467,-0.064440,0.000000
37.800000,-344.614199,-1033.385600,4548.365586,19.179569,0.289103,-20.411917,0.581758,0.676795,-0.431283,-0.132281,0.180467,-0.064440,0.000000
38.250000,-335.953790,-1033.224482,4539.172021,19.307222,0.423129,-20.446194,0.581758,0.676795,-0.431283,-0.132281,0.180467,-0.064440,0.000000
38.700000,-327.240007,-1033.007052,4529.965036,19.417234,0.539814,-20.472008,0.581758,0.676795,-0.431283,-0.132281,0.180467,-0.064440,0.000000
39.150000,-318.480291,-1032.740627,4520.748071,19.511669,0.641185,-20.490925,0.581758,0.676795,-0.431283,-0.132281,0.180467,-0.064440,0.000000
39.600000,-309.681281,-1032.431732,4511.523962,19.592378,0.729063,-20.504250,0.581758,0.676795,-0.431283,-0.132281,0.180467,-0.064440,0.000000
40.050000,-300.848764,-1032.086057,4502.294935,19.660988,0.805045,-20.513031,0.581758,0.676795,-0.431283,-0.132281,0.180467,-0.064440,0.000000
40.500000,-291.987801,-1031.708578,4493.062794,19.718928,0.870535,-20.518129,0.581758,0.676795,-0.431283,-0.132281,0.180467,-0.064440,0.000000
40.950000,-283.102889,-1031.303716,4483.829031,19.767471,0.926786,-20.520269,0.581758,0.676795,-0.431283,-0.132281,0.180467,-0.064440,0.000000
41.400000,-274.197955,-1030.875333,4474.594834,19.807736,0.974897,-20.520036,0.581758,0.676795,-0.431283,-0.132281,0.180467,-0.064440,0.000000
41.850000,-265.276668,-1030.427038,4465.361261,19.840766,1.015893,-20.517952,0.581758,0.676795,-0.431283,-0.132281,0.180467,-0.064440,0.000000
42.300000,-256.342017,-1029.961769,4456.129020,19.867418,1.050615,-20.514373,0.581758,0.676795,-0.431283,-0.132281,0.180467,-0.064440,0.000000
42.750000,-247.396703,-1029.482183,4446.898685,19.888465,1.079825,-20.509589,0.581758,0.676795,-0.431283,-0.132281,0.180467,-0.064440,0.000000
43.200000,-238.443032,-1028.990550,4437.670707,19.904570,1.104172,-20.503831,0.581758,0.676795,-0.431283,-0.132281,0.180467,-0.064440,0.000000
43.650000,-229.483096,-1028.488926,4428.445468,19.916333,1.124249,-20.497300,0.581758,0.676795,-0.431283,-0.132281,0.180467,-0.064440,0.000000
44.100000,-220.518760,-1027.979147,4419.223294,19.924293,1.140582,-20.490166,0.581758,0.676795,-0.431283,-0.132281,0.180467,-0.064440,0.000000
44.550000,-211.551714,-1027.462877,4410.004462,19.928936,1.153651,-20.482579,0.581758,0.676795,-0.431283,-0.132281,0.180467,-0.064440,0.000000
45.000000,-202.583366,-1026.941500,4400.789167,19.930669,1.163854,-20.474645,0.581758,0.676795,-0.431283,-0.132281,0.180467,-0.064440,0.000000
45.450000,-193.614835,-1026.416119,4391.577518,19.929811,1.171507,-20.466426,0.581758,0.676795,-0.431283,-0.132281,0.180467,-0.064440,0.000000
45.900000,-184.647217,-1025.887811,4382.369617,19.926675,1.176921,-20.457980,0.581758,0.676795,-0.431283,-0.132281,0.180467,-0.064440,0.000000
46.350000,-175.681433,-1025.357484,4373.165531,19.921535,1.180361,-20.449349,0.581758,0.676795,-0.431283,-0.132281,0.180467,-0.064440,0.000000
46.800000,-166.718264,-1024.825913,4363.965299,19.914630,1.182056,-20.440557,0.581758,0.676795,-0.431283,-0.132281,0.180467,-0.064440,0.000000
47.250000,-157.758479,-1024.293856,4354.768960,19.906196,1.182231,-20.431631,0.581758,0.676795,-0.431283,-0.132281,0.180467,-0.064440,0.000000
47.700000,-148.802759,-1023.761977,4345.576584,19.896400,1.181066,-20.422610,0.581758,0.676795,-0.431283,-0.132281,0.180467,-0.064440,0.000000
48.150000,-139.851725,-1023.230881,4336.388257,19.885368,1.178708,-20.413545,0.581758,0.676795,-0.431283,-0.132281,0.180467,-0.064440,0.000000
48.600000,-130.906005,-1022.701162,4327.204061,19.873182,1.175284,-20.404481,0.581758,0.676795,-0.431283,-0.132281,0.180467,-0.064440,0.000000
49.050000,-121.966269,-1022.173351,4318.024030,19.859558,1.170722,-20.395405,0.581758,0.676795,-0.431283,-0.132281,0.180467,-0.064440,0.000000
49.500000,-113.033204,-1021.647951,4308.848173,19.844035,1.164859,-20.386283,0.581758,0.676795,-0.431283,-0.132281,0.180467,-0.064440,0.000000
49.950000,-104.107562,-1021.125485,4299.676502,19.826169,1.157536,-20.377079,0.581758,0.676795,-0.431283,-0.132281,0.180467,-0.064440,0.000000
50.400000,-95.190461,-1020.606618,4290.509022,19.805623,1.148636,-20.367750,0.581758,0.676795,-0.431283,-0.132281,0.180467,-0.064440,0.000000
50.850000,-86.283157,-1020.092069,4281.345739,19.782098,1.138056,-20.358258,0.581758,0.676795,-0.431283,-0.132281,0.180467,-0.064440,0.000000
51.300000,-77.386938,-1019.582565,4272.186680,19.755530,1.125802,-20.348589,0.581758,0.676795,-0.431283,-0.132281,0.180467,-0.064440,0.000000
51.750000,-68.503203,-1019.078877,4263.031973,19.726865,1.112351,-20.338866,0.581758,0.676795,-0.431283,-0.132281,0.180467,-0.064440,0.000000
52.200000,-59.632883,-1018.581532,4253.881673,19.696585,1.097954,-20.329140,0.581758,0.676795,-0.431283,-0.132281,0.180467,-0.064440,0.000000
52.650000,-50.776555,-1018.090874,4244.735759,19.664689,1.082633,-20.319396,0.581758,0.676795,-0.431283,-0.132281,0.180467,-0.064440,0.000000
53.100000,-41.934867,-1017.607277,4235.594228,19.631408,1.066517,-20.309639,0.581758,0.676795,-0.431283,-0.132281,0.180467,-0.064440,0.000000
53.550000,-33.108477,-1017.131118,4226.457084,19.596939,1.049717,-20.299880,0.581758,0.676795,-0.431283,-0.132281,0.180467,-0.064440,0.000000
54.000000,-24.297886,-1016.662684,4217.324332,19.561422,1.032314,-20.290128,0.581758,0.676795,-0.431283,-0.132281,0.180467,-0.064440,0.000000
54.450000,-15.503469,-1016.202192,4208.195965,19.524969,1.014374,-20.280386,0.581758,0.676795,-0.431283,-0.132281,0.180467,-0.064440,0.000000
54.900000,-6.725646,-1015.749882,4199.071980,19.487706,0.995967,-20.270657,0.581758,0.676795,-0.431283,-0.132281,0.180467,-0.064440,0.000000
55.350000,2.035298,-1015.305919,4189.952369,19.449717,0.977142,-20.260943,0.581758,0.676795,-0.431283,-0.132281,0.180467,-0.064440,0.000000
55.800000,10.779105,-1014.870451,4180.837127,19.411078,0.957942,-20.251246,0.581758,0.676795,-0.431283,-0.132281,0.180467,-0.064440,0.000000
56.250000,19.505467,-1014.443656,4171.726244,19.371882,0.938422,-20.241569,0.581758,0.676795,-0.431283,-0.132281,0.180467,-0.064440,0.000000
56.700000,28.214072,-1014.025714,4162.619712,19.332222,0.918635,-20.231911,0.581758,0.676795,-0.431283,-0.132281,0.180467,-0.064440,0.000000
57.150000,36.904649,-1013.616781,4153.517523,19.292180,0.898626,-20.222277,0.581758,0.676795,-0.431283,-0.132281,0.180467,-0.064440,0.000000
57.600000,45.577057,-1013.216938,4144.419667,19.251798,0.878421,-20.212664,0.581758,0.676795,-0.431283,-0.132281,0.180467,-0.064440,0.000000
58.050000,54.231184,-1012.826249,4135.326134,19.211112,0.858041,-20.203073,0.581758,0.676795,-0.431283,-0.132281,0.180467,-0.064440,0.000000
58.500000,62.866919,-1012.444781,4126.236915,19.170157,0.837504,-20.193503,0.581758,0.676795,-0.431283,-0.132281,0.180467,-0.064440,0.000000
58.950000,71.484166,-1012.072588,4117.151999,19.128962,0.816828,-20.183953,0.581758,0.676795,-0.431283,-0.132281,0.180467,-0.064440,0.000000
59.400000,80.082842,-1011.709718,4108.071376,19.087554,0.796029,-20.174423,0.581758,0.676795,-0.431283,-0.132281,0.180467,-0.064440,0.000000
59.850000,88.662863,-1011.356220,4098.995036,19.045961,0.775122,-20.164912,0.581758,0.676795,-0.431283,-0.132281,0.180467,-0.064440,0.000000
60.300000,97.224147,-1011.012142,4089.922970,19.004208,0.754122,-20.155418,0.581758,0.676795,-0.431283,-0.132281,0.180467,-0.064440,0.000000
60.750000,105.766621,-1010.677527,4080.855166,18.962320,0.733043,-20.145943,0.581758,0.676795,-0.431283,-0.132281,0.180467,-0.064440,0.000000
61.200000,114.290213,-1010.352417,4071.791616,18.920321,0.711899,-20.136487,0.581758,0.676795,-0.431283,-0.132281,0.180467,-0.064440,0.000000
61.650000,122.794857,-1010.036849,4062.732311,18.878233,0.690703,-20.127051,0.581758,0.676795,-0.431283,-0.132281,0.180467,-0.064440,0.000000
62.100000,131.280528,-1009.730839,4053.677242,18.836066,0.669460,-20.117633,0.581758,0.676795,-0.431283,-0.132281,0.180467,-0.064440,0.000000
62.550000,139.747207,-1009.434400,4044.626404,18.793827,0.648174,-20.108235,0.581758,0.676795,-0.431283,-0.132281,0.180467,-0.064440,0.000000
63.000000,148.194876,-1009.147541,4035.579791,18.751524,0.626850,-20.098857,0.581758,0.676795,-0.431283,-0.132281,0.180467,-0.064440,0.000000
63.450000,156.623515,-1008.870274,4026.537395,18.709165,0.605492,-20.089498,0.581758,0.676795,-0.431283,-0.132281,0.180467,-0.064440,0.000000
63.900000,165.033102,-1008.602612,4017.499208,18.666757,0.584106,-20.080159,0.581758,0.676795,-0.431283,-0.132281,0.180467,-0.064440,0.000000
64.350000,173.423616,-1008.344569,4008.465221,18.624312,0.562696,-20.070838,0.581758,0.676795,-0.431283,-0.132281,0.180467,-0.064440,0.000000
64.800000,181.795035,-1008.096158,3999.435424,18.581837,0.541267,-20.061536,0.581758,0.676795,-0.431283,-0.132281,0.180467,-0.064440,0.000000
65.250000,190.147339,-1007.857391,3990.409810,18.539341,0.519826,-20.052253,0.581758,0.676795,-0.431283,-0.132281,0.180467,-0.064440,0.000000
65.700000,198.480517,-1007.628274,3981.388371,18.496830,0.498374,-20.042988,0.581758,0.676795,-0.431283,-0.132281,0.180467,-0.064440,0.000000
66.150000,206.794562,-1007.408812,3972.371098,18.454308,0.476915,-20.033741,0.581758,0.676795,-0.431283,-0.132281,0.180467,-0.064440,0.000000
66.600000,215.089468,-1007.199010,3963.357984,18.411780,0.455451,-20.024512,0.581758,0.676795,-0.431283,-0.132281,0.180467,-0.064440,0.000000
67.050000,223.365228,-1006.998871,3954.349022,18.369248,0.433983,-20.015300,0.581758,0.676795,-0.431283,-0.132281,0.180467,-0.064440,0.000000
67.500000,231.621843,-1006.808397,3945.344203,18.326717,0.412514,-20.006106,0.581758,0.676795,-0.431283,-0.132281,0.180467,-0.064440,0.000000
67.950000,239.859313,-1006.627587,3936.343518,18.284189,0.391046,-19.996928,0.581758,0.676795,-0.431283,-0.132281,0.180467,-0.064440,0.000000
68.400000,248.077641,-1006.456441,3927.346958,18.241666,0.369579,-19.987767,0.581758,0.676795,-0.431283,-0.132281,0.180467,-0.064440,0.000000
68.850000,256.276830,-1006.294957,3918.354516,18.199149,0.348114,-19.978622,0.581758,0.676795,-0.431283,-0.132281,0.180467,-0.064440,0.000000
69.300000,264.456887,-1006.143132,3909.366184,18.156639,0.326652,-19.969495,0.581758,0.676795,-0.431283,-0.132281,0.180467,-0.064440,0.000000
69.750000,272.617817,-1006.000964,3900.381956,18.114138,0.305194,-19.960384,0.581758,0.676795,-0.431283,-0.132281,0.180467,-0.064440,0.000000
70.200000,280.759624,-1005.868451,3891.401823,18.071646,0.283739,-19.951290,0.581758,0.676795,-0.431283,-0.132281,0.180467,-0.064440,0.000000
70.650000,288.882311,-1005.745592,3882.425780,18.029164,0.262290,-19.942213,0.581758,0.676795,-0.431283,-0.132281,0.180467,-0.064440,0.000000
71.100000,296.985882,-1005.632385,3873.453820,17.986694,0.240845,-19.933152,0.581758,0.676795,-0.431283,-0.132281,0.180467,-0.064440,0.000000
71.550000,305.070344,-1005.528828,3864.485935,17.944237,0.219407,-19.924109,0.581758,0.676795,-0.431283,-0.132281,0.180467,-0.064440,0.000000
72.000000,313.135703,-1005.434916,3855.522116,17.901794,0.197975,-19.915082,0.581758,0.676795,-0.431283,-0.132281,0.180467,-0.064440,0.000000
72.450000,321.181965,-1005.350647,3846.562355,17.859365,0.176550,-19.906071,0.581758,0.676795,-0.431283,-0.132281,0.180467,-0.064440,0.000000
72.900000,329.209136,-1005.276018,3837.606646,17.816951,0.155132,-19.897077,0.581758,0.676795,-0.431283,-0.132281,0.180467,-0.064440,0.000000
73.350000,337.217228,-1005.211025,3828.654978,17.774553,0.133722,-19.888100,0.581758,0.676795,-0.431283,-0.132281,0.180467,-0.064440,0.000000
73.800000,345.206249,-1005.155661,3819.707343,17.732171,0.112320,-19.879138,0.581758,0.676795,-0.431283,-0.132281,0.180467,-0.064440,0.000000
74.250000,353.176204,-1005.109925,3810.763733,17.689806,0.090925,-19.870193,0.581758,0.676795,-0.431283,-0.132281,0.180467,-0.064440,0.000000
74.700000,361.127101,-1005.073814,3801.824144,17.647456,0.069539,-19.861264,0.581758,0.676795,-0.431283,-0.132281,0.180467,-0.064440,0.000000
75.150000,369.058944,-1005.047325,3792.888569,17.605122,0.048162,-19.852351,0.581758,0.676795,-0.431283,-0.132281,0.180467,-0.064440,0.000000
75.600000,376.971740,-1005.030454,3783.957004,17.562804,0.026792,-19.843454,0.581758,0.676795,-0.431283,-0.132281,0.180467,-0.064440,0.000000
76.050000,384.865497,-1005.023198,3775.029439,17.520504,0.005432,-19.834573,0.581758,0.676795,-0.431283,-0.132281,0.180467,-0.064440,0.000000
76.500000,392.740225,-1005.025551,3766.105867,17.478223,-0.015920,-19.825709,0.581758,0.676795,-0.431283,-0.132281,0.180467,-0.064440,0.000000
76.950000,400.595932,-1005.037511,3757.186279,17.435963,-0.037264,-19.816860,0.581758,0.676795,-0.431283,-0.132281,0.180467,-0.064440,0.000000
77.400000,408.432628,-1005.059071,3748.270668,17.393727,-0.058598,-19.808027,0.581758,0.676795,-0.431283,-0.132281,0.180467,-0.064440,0.000000
77.850000,416.250318,-1005.090230,3739.359028,17.351508,-0.079923,-19.799211,0.581758,0.676795,-0.431283,-0.132281,0.180467,-0.064440,0.000000
78.300000,424.049006,-1005.130985,3730.451355,17.309301,-0.101239,-19.790409,0.581758,0.676795,-0.431283,-0.132281,0.180467,-0.064440,0.000000
78.750000,431.828697,-1005.181332,3721.547643,17.267099,-0.122546,-19.781623,0.581758,0.676795,-0.431283,-0.132281,0.180467,-0.064440,0.000000
79.200000,439.589397,-1005.241270,3712.647889,17.224898,-0.143842,-19.772851,0.581758,0.676795,-0.431283,-0.132281,0.180467,-0.064440,0.000000
79.650000,447.331117,-1005.310792,3703.752083,17.182713,-0.165130,-19.764094,0.581758,0.676795,-0.431283,-0.132281,0.180467,-0.064440,0.000000
80.100000,455.053871,-1005.389893,3694.860215,17.140565,-0.186408,-19.755354,0.581758,0.676795,-0.431283,-0.132281,0.180467,-0.064440,0.000000
80.550000,462.757675,-1005.478567,3685.972274,17.098478,-0.207679,-19.746632,0.581758,0.676795,-0.431283,-0.132281,0.180467,-0.064440,0.000000
81.000000,470.442529,-1005.576808,3677.088250,17.056402,-0.228940,-19.737925,0.581758,0.676795,-0.431283,-0.132281,0.180467,-0.064440,0.000000
81.450000,478.108115,-1005.684601,3668.208158,17.012741,-0.250135,-19.729149,0.581758,0.676795,-0.431283,-0.132281,0.180467,-0.064440,0.000000
81.900000,485.752989,-1005.801893,3659.332070,16.963779,-0.271133,-19.720112,0.581758,0.676795,-0.431283,-0.132281,0.180467,-0.064440,0.000000
82.350000,493.374484,-1005.928583,3650.460104,16.908305,-0.291890,-19.710777,0.581758,0.676795,-0.431283,-0.132281,0.180467,-0.064440,0.000000
82.800000,500.969885,-1006.064571,3641.592379,16.847969,-0.312464,-19.701271,0.581758,0.676795,-0.431283,-0.132281,0.180467,-0.064440,0.000000
83.250000,508.537097,-1006.209779,3632.728969,16.783170,-0.332869,-19.691636,0.581758,0.676795,-0.431283,-0.132281,0.180467,-0.064440,0.000000
83.700000,516.074251,-1006.364135,3623.869921,16.714496,-0.353126,-19.681912,0.581758,0.676795,-0.431283,-0.132281,0.180467,-0.064440,0.000000
84.150000,523.579714,-1006.527576,3615.015265,16.642449,-0.373253,-19.672131,0.581758,0.676795,-0.431283,-0.132281,0.180467,-0.064440,0.000000
84.600000,531.052061,-1006.700047,3606.165018,16.567435,-0.393263,-19.662313,0.581758,0.676795,-0.431283,-0.132281,0.180467,-0.064440,0.000000
85.050000,538.490066,-1006.881499,3597.319191,16.489815,-0.413169,-19.652478,0.581758,0.676795,-0.431283,-0.132281,0.180467,-0.064440,0.000000
85.500000,545.892620,-1007.071887,3588.477789,16.409921,-0.432983,-19.642641,0.581758,0.676795,-0.431283,-0.132281,0.180467,-0.064440,0.000000
85.950000,553.258722,-1007.271172,3579.640815,16.328051,-0.452715,-19.632816,0.581758,0.676795,-0.431283,-0.132281,0.180467,-0.064440,0.000000
86.400000,560.587511,-1007.479316,3570.808263,16.244460,-0.472375,-19.623011,0.581758,0.676795,-0.431283,-0.132281,0.180467,-0.064440,0.000000
86.850000,567.878332,-1007.696293,3561.980122,16.159346,-0.491969,-19.613229,0.581758,0.676795,-0.431283,-0.132281,0.180467,-0.064440,0.000000
87.300000,575.130551,-1007.922074,3553.156378,16.072900,-0.511504,-19.603474,0.581758,0.676795,-0.431283,-0.132281,0.180467,-0.064440,0.000000
87.750000,582.343559,-1008.156632,3544.337017,15.985304,-0.530988,-19.593748,0.581758,0.676795,-0.431283,-0.132281,0.180467,-0.064440,0.000000
88.200000,589.516920,-1008.399947,3535.522023,15.896694,-0.550423,-19.584049,0.581758,0.676795,-0.431283,-0.132281,0.180467,-0.064440,0.000000
88.650000,596.650261,-1008.652000,3526.711377,15.807182,-0.569815,-19.574375,0.581758,0.676795,-0.431283,-0.132281,0.180467,-0.064440,0.000000
89.100000,603.743213,-1008.912773,3517.905060,15.716884,-0.589168,-19.564725,0.581758,0.676795,-0.431283,-0.132281,0.180467,-0.064440,0.000000
89.550000,610.795439,-1009.182248,3509.103061,15.625902,-0.608485,-19.555098,0.581758,0.676795,-0.431283,-0.132281,0.180467,-0.064440,0.000000
90.000000,617.806644,-1009.460411,3500.305373,15.534330,-0.627770,-19.545501,0.581758,0.676795,-0.431283,-0.132281,0.180467,-0.064440,0.000000
90.450000,624.776534,-1009.747246,3491.511994,15.442258,-0.647026,-19.535938,0.581758,0.676795,-0.431283,-0.132281,0.180467,-0.064440,0.000000
90.900000,631.704841,-1010.042738,3482.722917,15.349772,-0.666255,-19.526414,0.581758,0.676795,-0.431283,-0.132281,0.180467,-0.064440,0.000000
91.350000,638.591403,-1010.346876,3473.938132,15.256924,-0.685460,-19.516928,0.581758,0.676795,-0.431283,-0.132281,0.180467,-0.064440,0.000000
91.800000,645.436086,-1010.659651,3465.157625,15.163760,-0.704643,-19.507480,0.581758,0.676795,-0.431283,-0.132281,0.180467,-0.064440,0.000000
92.250000,652.238759,-1010.981052,3456.381383,15.070324,-0.723805,-19.498069,0.581758,0.676795,-0.431283,-0.132281,0.180467,-0.064440,0.000000
92.700000,658.999316,-1011.311072,3447.609389,14.976653,-0.742947,-19.488689,0.581758,0.676795,-0.431283,-0.132281,0.180467,-0.064440,0.000000
93.150000,665.717677,-1011.649701,3438.841621,14.882776,-0.762071,-19.479333,0.581758,0.676795,-0.431283,-0.132281,0.180467,-0.064440,0.000000
93.600000,672.393764,-1011.996933,3430.078056,14.788721,-0.781178,-19.469995,0.581758,0.676795,-0.431283,-0.132281,0.180467,-0.064440,0.000000
94.050000,679.027503,-1012.352759,3421.318674,14.694517,-0.800268,-19.460669,0.581758,0.676795,-0.431283,-0.132281,0.180467,-0.064440,0.000000
94.500000,685.618839,-1012.717172,3412.563466,14.600185,-0.819343,-19.451354,0.581758,0.676795,-0.431283,-0.132281,0.180467,-0.064440,0.000000
94.950000,692.167720,-1013.090167,3403.812424,14.505747,-0.838403,-19.442050,0.581758,0.676795,-0.431283,-0.132281,0.180467,-0.064440,0.000000
95.400000,698.674096,-1013.471736,3395.065538,14.411223,-0.857448,-19.432758,0.581758,0.676795,-0.431283,-0.132281,0.180467,-0.064440,0.000000
95.850000,705.137919,-1013.861872,3386.322802,14.316633,-0.876481,-19.423479,0.581758,0.676795,-0.431283,-0.132281,0.180467,-0.064440,0.000000
96.300000,711.559160,-1014.260570,3377.584214,14.221991,-0.895501,-19.414218,0.581758,0.676795,-0.431283,-0.132281,0.180467,-0.064440,0.000000
96.750000,717.937797,-1014.667823,3368.849777,14.127310,-0.914509,-19.404980,0.581758,0.676795,-0.431283,-0.132281,0.180467,-0.064440,0.000000
97.200000,724.273810,-1015.083628,3360.119492,14.032602,-0.933505,-19.395772,0.581758,0.676795,-0.431283,-0.132281,0.180467,-0.064440,0.000000
97.650000,730.567179,-1015.507976,3351.393360,13.937879,-0.952489,-19.386598,0.581758,0.676795,-0.431283,-0.132281,0.180467,-0.064440,0.000000
98.100000,736.817898,-1015.940865,3342.671374,13.843148,-0.971462,-19.377461,0.581758,0.676795,-0.431283,-0.132281,0.180467,-0.064440,0.000000
98.550000,743.025975,-1016.382289,3333.953522,13.748413,-0.990425,-19.368356,0.581758,0.676795,-0.431283,-0.132281,0.180467,-0.064440,0.000000
99.000000,749.191414,-1016.832244,3325.239795,13.653678,-1.009376,-19.359284,0.581758,0.676795,-0.431283,-0.132281,0.180467,-0.064440,0.000000
99.450000,755.314221,-1017.290725,3316.530180,13.558947,-1.028317,-19.350241,0.581758,0.676795,-0.431283,-0.132281,0.180467,-0.064440,0.000000
99.900000,761.394402,-1017.757727,3307.824661,13.464224,-1.047248,-19.341224,0.581758,0.676795,-0.431283,-0.132281,0.180467,-0.064440,0.000000
100.350000,767.431967,-1018.233245,3299.123218,13.369514,-1.066168,-19.332223,0.581758,0.676795,-0.431283,-0.132281,0.180467,-0.064440,0.000000
100.800000,773.426923,-1018.717276,3290.425827,13.274819,-1.085078,-19.323232,0.581758,0.676795,-0.431283,-0.132281,0.180467,-0.064440,0.000000
101.250000,779.379278,-1019.209813,3281.732468,13.180144,-1.103979,-19.314243,0.581758,0.676795,-0.431283,-0.132281,0.180467,-0.064440,0.000000
101.700000,785.289041,-1019.710853,3273.043128,13.085492,-1.122870,-19.305252,0.581758,0.676795,-0.431283,-0.132281,0.180467,-0.064440,0.000000
102.150000,791.156221,-1020.220391,3264.357806,12.990865,-1.141751,-19.296263,0.581758,0.676795,-0.431283,-0.132281,0.180467,-0.064440,0.000000
102.600000,796.980830,-1020.738423,3255.676507,12.896265,-1.160623,-19.287284,0.581758,0.676795,-0.431283,-0.132281,0.180467,-0.064440,0.000000
103.050000,802.762877,-1021.264946,3246.999234,12.801696,-1.179485,-19.278320,0.581758,0.676795,-0.431283,-0.132281,0.180467,-0.064440,0.000000
103.500000,808.502376,-1021.799955,3238.325991,12.707159,-1.198338,-19.269378,0.581758,0.676795,-0.431283,-0.132281,0.180467,-0.064440,0.000000
103.950000,814.199340,-1022.343446,3229.656771,12.612657,-1.217181,-19.260458,0.581758,0.676795,-0.431283,-0.132281,0.180467,-0.064440,0.000000
104.400000,819.853785,-1022.895414,3220.991563,12.518190,-1.236016,-19.251559,0.581758,0.676795,-0.431283,-0.132281,0.180467,-0.064440,0.000000
104.850000,825.465729,-1023.455856,3212.330358,12.423759,-1.254841,-19.242679,0.581758,0.676795,-0.431283,-0.132281,0.180467,-0.064440,0.000000
105.300000,831.035189,-1024.024766,3203.673144,12.329363,-1.273657,-19.233816,0.581758,0.676795,-0.431283,-0.132281,0.180467,-0.064440,0.000000
105.750000,836.562180,-1024.602141,3195.019915,12.235006,-1.292464,-19.224971,0.581758,0.676795,-0.431283,-0.132281,0.180467,-0.064440,0.000000
106.200000,842.046713,-1025.187981,3186.370666,12.140694,-1.311264,-19.216142,0.581758,0.676795,-0.431283,-0.132281,0.180467,-0.064440,0.000000
106.650000,847.488810,-1025.782278,3177.725385,12.046421,-1.330055,-19.207330,0.581758,0.676795,-0.431283,-0.132281,0.180467,-0.064440,0.000000
107.100000,852.888513,-1026.385019,3169.084057,11.952168,-1.348830,-19.198534,0.581758,0.676795,-0.431283,-0.132281,0.180467,-0.064440,0.000000
107.550000,858.245854,-1026.996195,3160.446666,11.857924,-1.367583,-19.189754,0.581758,0.676795,-0.431283,-0.132281,0.180467,-0.064440,0.000000
108.000000,863.560846,-1027.615805,3151.813210,11.763701,-1.386320,-19.180989,0.581758,0.676795,-0.431283,-0.132281,0.180467,-0.064440,0.000000
108.450000,868.833502,-1028.243850,3143.183684,11.669514,-1.405046,-19.172241,0.581758,0.676795,-0.431283,-0.132281,0.180467,-0.064440,0.000000
108.900000,874.063834,-1028.880332,3134.558086,11.575379,-1.423768,-19.163510,0.581758,0.676795,-0.431283,-0.132281,0.180467,-0.064440,0.000000
109.350000,879.251853,-1029.525251,3125.936412,11.481310,-1.442492,-19.154796,0.581758,0.676795,-0.431283,-0.132281,0.180467,-0.064440,0.000000
109.800000,884.397572,-1030.178609,3117.318660,11.387322,-1.461223,-19.146099,0.581758,0.676795,-0.431283,-0.132281,0.180467,-0.064440,0.000000
110.250000,889.501003,-1030.840407,3108.704827,11.293432,-1.479968,-19.137420,0.581758,0.676795,-0.431283,-0.132281,0.180467,-0.064440,0.000000
110.700000,894.562158,-1031.510645,3100.094909,11.199654,-1.498732,-19.128758,0.581758,0.676795,-0.431283,-0.132281,0.180467,-0.064440,0.000000
111.150000,899.581043,-1032.189322,3091.488903,11.105983,-1.517514,-19.120115,0.581758,0.676795,-0.431283,-0.132281,0.180467,-0.064440,0.000000
111.600000,904.557589,-1032.876390,3082.886801,11.012183,-1.536219,-19.111481,0.581758,0.676795,-0.431283,-0.132281,0.180467,-0.064440,0.000000
112.050000,909.491665,-1033.571769,3074.288594,10.917851,-1.554682,-19.102844,0.581758,0.676795,-0.431283,-0.132281,0.180467,-0.064440,0.000000
112.500000,914.382824,-1034.275258,3065.694289,10.822312,-1.572631,-19.094179,0.581758,0.676795,-0.431283,-0.132281,0.180467,-0.064440,0.000000
112.950000,919.230313,-1034.986546,3057.103910,10.724647,-1.589698,-19.085457,0.581758,0.676795,-0.431283,-0.132281,0.180467,-0.064440,0.000000
113.400000,924.033214,-1035.705251,3048.517477,10.624319,-1.605664,-19.076664,0.581758,0.676795,-0.431283,-0.132281,0.180467,-0.064440,0.000000
113.850000,928.790400,-1036.430906,3039.935003,10.521330,-1.620531,-19.067805,0.581758,0.676795,-0.431283,-0.132281,0.180467,-0.064440,0.000000
114.300000,933.500784,-1037.163058,3031.356503,10.415821,-1.634355,-19.058893,0.581758,0.676795,-0.431283,-0.132281,0.180467,-0.064440,0.000000
114.750000,938.163381,-1037.901301,3022.781994,10.308128,-1.647271,-19.049954,0.581758,0.676795,-0.431283,-0.132281,0.180467,-0.064440,0.000000
115.200000,942.777240,-1038.645239,3014.211489,10.198597,-1.659419,-19.041012,0.581758,0.676795,-0.431283,-0.132281,0.180467,-0.064440,0.000000
115.650000,947.341535,-1039.394526,3005.644996,10.087482,-1.670901,-19.032085,0.581758,0.676795,-0.431283,-0.132281,0.180467,-0.064440,0.000000
116.100000,951.855492,-1040.148838,2997.082514,9.975000,-1.681804,-19.023184,0.581758,0.676795,-0.431283,-0.132281,0.180467,-0.064440,0.000000
116.550000,956.318538,-1040.907930,2988.524039,9.861318,-1.692195,-19.014317,0.581758,0.676795,-0.431283,-0.132281,0.180467,-0.064440,0.000000
117.000000,960.730330,-1041.671657,2979.969559,9.746544,-1.702119,-19.005486,0.581758,0.676795,-0.431283,-0.132281,0.180467,-0.064440,0.000000
117.450000,965.090502,-1042.439861,2971.419060,9.630798,-1.711623,-18.996688,0.581758,0.676795,-0.431283,-0.132281,0.180467,-0.064440,0.000000
117.900000,969.398565,-1043.212329,2962.872524,9.514229,-1.720768,-18.987926,0.581758,0.676795,-0.431283,-0.132281,0.180467,-0.064440,0.000000
118.350000,973.654004,-1043.988839,2954.329931,9.396998,-1.729619,-18.979198,0.581758,0.676795,-0.431283,-0.132281,0.180467,-0.064440,0.000000
118.800000,977.856353,-1044.769187,2945.791261,9.279249,-1.738234,-18.970506,0.581758,0.676795,-0.431283,-0.132281,0.180467,-0.064440,0.000000
119.250000,982.005420,-1045.553285,2937.256499,9.161045,-1.746639,-18.961846,0.581758,0.676795,-0.431283,-0.132281,0.180467,-0.064440,0.000000
119.700000,986.101102,-1046.341079,2928.725631,9.042424,-1.754848,-18.953215,0.581758,0.676795,-0.431283,-0.132281,0.180467,-0.064440,0.000000
120.150000,990.143296,-1047.132519,2920.198642,8.923422,-1.762878,-18.944611,0.581758,0.676795,-0.431283,-0.132281,0.180467,-0.064440,0.000000
120.600000,994.131885,-1047.927545,2911.675519,8.804081,-1.770744,-18.936030,0.581758,0.676795,-0.431283,-0.132281,0.180467,-0.064440,0.000000
121.050000,998.066744,-1048.726095,2903.156249,8.684443,-1.778464,-18.927472,0.581758,0.676795,-0.431283,-0.132281,0.180467,-0.064440,0.000000
121.500000,1001.947750,-1049.528108,2894.640818,8.564553,-1.786056,-18.918934,0.581758,0.676795,-0.431283,-0.132281,0.180467,-0.064440,0.000000
121.950000,1005.774789,-1050.333525,2886.129217,8.444451,-1.793537,-18.910417,0.581758,0.676795,-0.431283,-0.132281,0.180467,-0.064440,0.000000
122.400000,1009.547753,-1051.142288,2877.621436,8.324178,-1.800923,-18.901922,0.581758,0.676795,-0.431283,-0.132281,0.180467,-0.064440,0.000000
122.850000,1013.266539,-1051.954340,2869.117465,8.203774,-1.808230,-18.893450,0.581758,0.676795,-0.431283,-0.132281,0.180467,-0.064440,0.000000
123.300000,1016.931083,-1052.769644,2860.617296,8.083264,-1.815469,-18.885001,0.581758,0.676795,-0.431283,-0.132281,0.180467,-0.064440,0.000000
123.750000,1020.541363,-1053.588182,2852.120922,7.962661,-1.822644,-18.876576,0.581758,0.676795,-0.431283,-0.132281,0.180467,-0.064440,0.000000
124.200000,1024.097360,-1054.409938,2843.628336,7.841975,-1.829760,-18.868172,0.581758,0.676795,-0.431283,-0.132281,0.180467,-0.064440,0.000000
124.650000,1027.599054,-1055.234893,2835.139530,7.721219,-1.836823,-18.859790,0.581758,0.676795,-0.431283,-0.132281,0.180467,-0.064440,0.000000
125.100000,1031.046425,-1056.063030,2826.654495,7.600405,-1.843836,-18.851428,0.581758,0.676795,-0.431283,-0.132281,0.180467,-0.064440,0.000000
125.550000,1034.439449,-1056.894325,2818.173222,7.479547,-1.850807,-18.843086,0.581758,0.676795,-0.431283,-0.132281,0.180467,-0.064440,0.000000
126.000000,1037.778103,-1057.728758,2809.695701,7.358661,-1.857741,-18.834763,0.581758,0.676795,-0.431283,-0.132281,0.180467,-0.064440,0.000000
126.450000,1041.062365,-1058.566307,2801.221922,7.237760,-1.864643,-18.826458,0.581758,0.676795,-0.431283,-0.132281,0.180467,-0.064440,0.000000
126.900000,1044.292223,-1059.406956,2792.751876,7.116854,-1.871519,-18.818170,0.581758,0.676795,-0.431283,-0.132281,0.180467,-0.064440,0.000000
127.350000,1047.467673,-1060.250695,2784.285557,6.995951,-1.878370,-18.809899,0.581758,0.676795,-0.431283,-0.132281,0.180467,-0.064440,0.000000
127.800000,1050.588714,-1061.097512,2775.822958,6.875057,-1.885201,-18.801643,0.581758,0.676795,-0.431283,-0.132281,0.180467,-0.064440,0.000000
128.250000,1053.655343,-1061.947397,2767.364072,6.754179,-1.892012,-18.793404,0.581758,0.676795,-0.431283,-0.132281,0.180467,-0.064440,0.000000
128.700000,1056.667566,-1062.800341,2758.908891,6.633322,-1.898808,-18.785180,0.581758,0.676795,-0.431283,-0.132281,0.180467,-0.064440,0.000000
129.150000,1059.625398,-1063.656336,2750.457407,6.512492,-1.905589,-18.776971,0.581758,0.676795,-0.431283,-0.132281,0.180467,-0.064440,0.000000
129.600000,1062.528852,-1064.515375,2742.009611,6.391691,-1.912358,-18.768777,0.581758,0.676795,-0.431283,-0.132281,0.180467,-0.064440,0.000000
130.050000,1065.377947,-1065.377454,2733.565498,6.270921,-1.919114,-18.760599,0.581758,0.676795,-0.431283,-0.132281,0.180467,-0.064440,0.000000
130.500000,1068.172703,-1066.242571,2725.125062,6.150184,-1.925859,-18.752435,0.581758,0.676795,-0.431283,-0.132281,0.180467,-0.064440,0.000000
130.950000,1070.913136,-1067.110721,2716.688296,6.029480,-1.932593,-18.744287,0.581758,0.676795,-0.431283,-0.132281,0.180467,-0.064440,0.000000
131.400000,1073.599262,-1067.981900,2708.255193,5.908813,-1.939317,-18.736155,0.581758,0.676795,-0.431283,-0.132281,0.180467,-0.064440,0.000000
131.850000,1076.231095,-1068.856102,2699.825748,5.788185,-1.946033,-18.728037,0.581758,0.676795,-0.431283,-0.132281,0.180467,-0.064440,0.000000
132.300000,1078.808657,-1069.733325,2691.399951,5.667597,-1.952740,-18.719934,0.581758,0.676795,-0.431283,-0.132281,0.180467,-0.064440,0.000000
132.750000,1081.331966,-1070.613565,2682.977797,5.547052,-1.959440,-18.711845,0.581758,0.676795,-0.431283,-0.132281,0.180467,-0.064440,0.000000
133.200000,1083.801042,-1071.496818,2674.559280,5.426549,-1.966133,-18.703771,0.581758,0.676795,-0.431283,-0.132281,0.180467,-0.064440,0.000000
133.650000,1086.215894,-1072.383081,2666.144394,5.306091,-1.972820,-18.695711,0.581758,0.676795,-0.431283,-0.132281,0.180467,-0.064440,0.000000
134.100000,1088.576537,-1073.272353,2657.733135,5.185677,-1.979500,-18.687666,0.581758,0.676795,-0.431283,-0.132281,0.180467,-0.064440,0.000000
134.550000,1090.883011,-1074.164630,2649.325492,5.065310,-1.986176,-18.679635,0.581758,0.676795,-0.431283,-0.132281,0.180467,-0.064440,0.000000
135.000000,1093.135369,-1075.059908,2640.921450,4.944991,-1.992846,-18.671617,0.581758,0.676795,-0.431283,-0.132281,0.180467,-0.064440,0.000000
135.450000,1095.333652,-1075.958183,2632.520998,4.824719,-1.999510,-18.663615,0.581758,0.676795,-0.431283,-0.132281,0.180467,-0.064440,0.000000
135.900000,1097.477873,-1076.859455,2624.124133,4.704496,-2.006170,-18.655626,0.581758,0.676795,-0.431283,-0.132281,0.180467,-0.064440,0.000000
136.350000,1099.568040,-1077.763722,2615.730852,4.584320,-2.012826,-18.647652,0.581758,0.676795,-0.431283,-0.132281,0.180467,-0.064440,0.000000
136.800000,1101.604158,-1078.670983,2607.341152,4.464193,-2.019476,-18.639691,0.581758,0.676795,-0.431283,-0.132281,0.180467,-0.064440,0.000000
137.250000,1103.586236,-1079.581237,2598.955032,4.344112,-2.026123,-18.631745,0.581758,0.676795,-0.431283,-0.132281,0.180467,-0.064440,0.000000
137.700000,1105.514281,-1080.494484,2590.572488,4.224079,-2.032765,-18.623812,0.581758,0.676795,-0.431283,-0.132281,0.180467,-0.064440,0.000000
138.150000,1107.388299,-1081.410721,2582.193518,4.104092,-2.039403,-18.615892,0.581758,0.676795,-0.431283,-0.132281,0.180467,-0.064440,0.000000
138.600000,1109.208298,-1082.329949,2573.818120,3.984152,-2.046037,-18.607986,0.581758,0.676795,-0.431283,-0.132281,0.180467,-0.064440,0.000000
139.050000,1110.974285,-1083.252165,2565.446291,3.864259,-2.052668,-18.600094,0.581758,0.676795,-0.431283,-0.132281,0.180467,-0.064440,0.000000
139.500000,1112.686281,-1084.177367,2557.078024,3.744418,-2.059295,-18.592214,0.581758,0.676795,-0.431283,-0.132281,0.180467,-0.064440,0.000000
139.950000,1114.344337,-1085.105549,2548.713304,3.624646,-2.065920,-18.584348,0.581758,0.676795,-0.431283,-0.132281,0.180467,-0.064440,0.000000
140.400000,1115.948502,-1086.036706,2540.352115,3.504946,-2.072544,-18.576494,0.581758,0.676795,-0.431283,-0.132281,0.180467,-0.064440,0.000000
140.850000,1117.498795,-1086.970838,2531.994455,3.385261,-2.079165,-18.568652,0.581758,0.676795,-0.431283,-0.132281,0.180467,-0.064440,0.000000
141.300000,1118.995232,-1087.907949,2523.640321,3.265539,-2.085782,-18.560818,0.581758,0.676795,-0.431283,-0.132281,0.180467,-0.064440,0.000000
141.750000,1120.437860,-1088.848039,2515.289707,3.145947,-2.092396,-18.553002,0.581758,0.676795,-0.431283,-0.132281,0.180467,-0.064440,0.000000
142.200000,1121.826804,-1089.791105,2506.942601,3.026945,-2.099009,-18.545227,0.581758,0.676795,-0.431283,-0.132281,0.180467,-0.064440,0.000000
142.650000,1123.163389,-1090.737154,2498.598931,2.912677,-2.105646,-18.537674,0.581758,0.676795,-0.431283,-0.132281,0.180467,-0.064440,0.000000
143.100000,1124.450995,-1091.686201,2490.258557,2.808952,-2.112338,-18.530552,0.581758,0.676795,-0.431283,-0.132281,0.180467,-0.064440,0.000000
143.550000,1125.694575,-1092.638275,2481.921321,2.717213,-2.119094,-18.523812,0.581758,0.676795,-0.431283,-0.132281,0.180467,-0.064440,0.000000
144.000000,1126.899231,-1093.593401,2473.587096,2.635439,-2.125903,-18.517249,0.581758,0.676795,-0.431283,-0.132281,0.180467,-0.064440,0.000000
144.450000,1128.069003,-1094.551601,2465.255814,2.562528,-2.132759,-18.510757,0.581758,0.676795,-0.431283,-0.132281,0.180467,-0.064440,0.000000
144.900000,1129.207742,-1095.512896,2456.927453,2.497379,-2.139657,-18.504264,0.581758,0.676795,-0.431283,-0.132281,0.180467,-0.064440,0.000000
145.350000,1130.318596,-1096.477302,2448.602016,2.439036,-2.146590,-18.497729,0.581758,0.676795,-0.431283,-0.132281,0.180467,-0.064440,0.000000
145.800000,1131.403812,-1097.444832,2440.279525,2.386849,-2.153556,-18.491139,0.581758,0.676795,-0.431283,-0.132281,0.180467,-0.064440,0.000000
146.250000,1132.466279,-1098.415500,2431.960008,2.339974,-2.160549,-18.484481,0.581758,0.676795,-0.431283,-0.132281,0.180467,-0.064440,0.000000
146.700000,1133.509032,-1099.389322,2423.643499,2.297520,-2.167565,-18.477742,0.581758,0.676795,-0.431283,-0.132281,0.180467,-0.064440,0.000000
147.150000,1134.534072,-1100.366308,2415.330029,2.258899,-2.174600,-18.470927,0.581758,0.676795,-0.431283,-0.132281,0.180467,-0.064440,0.000000
147.600000,1135.542676,-1101.346465,2407.019633,2.223739,-2.181653,-18.464051,0.581758,0.676795,-0.431283,-0.132281,0.180467,-0.064440,0.000000
148.050000,1136.536112,-1102.329799,2398.712343,2.191669,-2.188720,-18.457126,0.581758,0.676795,-0.431283,-0.132281,0.180467,-0.064440,0.000000
148.500000,1137.515664,-1103.316315,2390.408183,2.162313,-2.195800,-18.450162,0.581758,0.676795,-0.431283,-0.132281,0.180467,-0.064440,0.000000
148.950000,1138.482540,-1104.306020,2382.107178,2.135317,-2.202891,-18.443167,0.581758,0.676795,-0.431283,-0.132281,0.180467,-0.064440,0.000000
149.400000,1139.437701,-1105.298918,2373.809334,2.110401,-2.209991,-18.436145,0.581758,0.676795,-0.431283,-0.132281,0.180467,-0.064440,0.000000
149.850000,1140.382037,-1106.295012,2365.514658,2.087303,-2.217099,-18.429098,0.581758,0.676795,-0.431283,-0.132281,0.180467,-0.064440,0.000000
150.300000,1141.316296,-1107.294307,2357.223156,2.065806,-2.224213,-18.422029,0.581758,0.676795,-0.431283,-0.132281,0.180467,-0.064440,0.000000
150.750000,1142.241155,-1108.296803,2348.934836,2.045710,-2.231332,-18.414944,0.581758,0.676795,-0.431283,-0.132281,0.180467,-0.064440,0.000000
151.200000,1143.157292,-1109.302504,2340.649705,2.026819,-2.238456,-18.407846,0.581758,0.676795,-0.431283,-0.132281,0.180467,-0.064440,0.000000
151.650000,1144.065322,-1110.311413,2332.367769,2.008952,-2.245583,-18.400740,0.581758,0.676795,-0.431283,-0.132281,0.180467,-0.064440,0.000000
152.100000,1144.965625,-1111.323530,2324.089031,1.991999,-2.252712,-18.393630,0.581758,0.676795,-0.431283,-0.132281,0.180467,-0.064440,0.000000
152.550000,1145.858525,-1112.338856,2315.813492,1.975864,-2.259843,-18.386518,0.581758,0.676795,-0.431283,-0.132281,0.180467,-0.064440,0.000000
153.000000,1146.744350,-1113.357391,2307.541155,1.960452,-2.266976,-18.379408,0.581758,0.676795,-0.431283,-0.132281,0.180467,-0.064440,0.000000
153.450000,1147.623392,-1114.379136,2299.272020,1.945679,-2.274109,-18.372302,0.581758,0.676795,-0.431283,-0.132281,0.180467,-0.064440,0.000000
153.900000,1148.495887,-1115.404091,2291.006085,1.931475,-2.281243,-18.365202,0.581758,0.676795,-0.431283,-0.132281,0.180467,-0.064440,0.000000
154.350000,1149.362065,-1116.432256,2282.743347,1.917773,-2.288377,-18.358108,0.581758,0.676795,-0.431283,-0.132281,0.180467,-0.064440,0.000000
154.800000,1150.222155,-1117.463631,2274.483802,1.904508,-2.295510,-18.351020,0.581758,0.676795,-0.431283,-0.132281,0.180467,-0.064440,0.000000
155.250000,1151.076344,-1118.498216,2266.227449,1.891624,-2.302643,-18.343940,0.581758,0.676795,-0.431283,-0.132281,0.180467,-0.064440,0.000000
155.700000,1151.924784,-1119.536011,2257.974281,1.879078,-2.309776,-18.336867,0.581758,0.676795,-0.431283,-0.132281,0.180467,-0.064440,0.000000
156.150000,1152.767626,-1120.577014,2249.724294,1.866825,-2.316907,-18.329801,0.581758,0.676795,-0.431283,-0.132281,0.180467,-0.064440,0.000000
156.600000,1153.605013,-1121.621227,2241.477483,1.854825,-2.324036,-18.322742,0.581758,0.676795,-0.431283,-0.132281,0.180467,-0.064440,0.000000
157.050000,1154.437053,-1122.668647,2233.233845,1.843046,-2.331165,-18.315690,0.581758,0.676795,-0.431283,-0.132281,0.180467,-0.064440,0.000000
157.500000,1155.263834,-1123.719275,2224.993375,1.831463,-2.338291,-18.308645,0.581758,0.676795,-0.431283,-0.132281,0.180467,-0.064440,0.000000
157.950000,1156.085443,-1124.773109,2216.756070,1.820051,-2.345416,-18.301609,0.581758,0.676795,-0.431283,-0.132281,0.180467,-0.064440,0.000000
158.400000,1156.901966,-1125.830149,2208.521926,1.808784,-2.352539,-18.294581,0.581758,0.676795,-0.431283,-0.132281,0.180467,-0.064440,0.000000
158.850000,1157.713465,-1126.890394,2200.290940,1.797647,-2.359659,-18.287563,0.581758,0.676795,-0.431283,-0.132281,0.180467,-0.064440,0.000000
159.300000,1158.519984,-1127.953843,2192.063108,1.786626,-2.366778,-18.280555,0.581758,0.676795,-0.431283,-0.132281,0.180467,-0.064440,0.000000
159.750000,1159.321564,-1129.020495,2183.838426,1.775709,-2.373895,-18.273557,0.581758,0.676795,-0.431283,-0.132281,0.180467,-0.064440,0.000000
160.200000,1160.118250,-1130.090349,2175.616891,1.764884,-2.381009,-18.266571,0.581758,0.676795,-0.431283,-0.132281,0.180467,-0.064440,0.000000
160.650000,1160.910078,-1131.163403,2167.398500,1.754141,-2.388121,-18.259597,0.581758,0.676795,-0.431283,-0.132281,0.180467,-0.064440,0.000000
161.100000,1161.697078,-1132.239658,2159.183246,1.743472,-2.395230,-18.252635,0.581758,0.676795,-0.431283,-0.132281,0.180467,-0.064440,0.000000
161.550000,1162.479281,-1133.319111,2150.971126,1.732867,-2.402338,-18.245684,0.581758,0.676795,-0.431283,-0.132281,0.180467,-0.064440,0.000000
162.000000,1163.256715,-1134.401761,2142.762134,1.722320,-2.409442,-18.238744,0.581758,0.676795,-0.431283,-0.132281,0.180467,-0.064440,0.000000
162.450000,1164.029410,-1135.487608,2134.556266,1.711822,-2.416545,-18.231815,0.581758,0.676795,-0.431283,-0.132281,0.180467,-0.064440,0.000000
162.900000,1164.797385,-1136.576651,2126.353515,1.701367,-2.423644,-18.224897,0.581758,0.676795,-0.431283,-0.132281,0.180467,-0.064440,0.000000
163.350000,1165.560664,-1137.668888,2118.153874,1.690951,-2.430742,-18.217988,0.581758,0.676795,-0.431283,-0.132281,0.180467,-0.064440,0.000000
163.800000,1166.319269,-1138.764319,2109.957338,1.680566,-2.437837,-18.211089,0.581758,0.676795,-0.431283,-0.132281,0.180467,-0.064440,0.000000
164.250000,1167.073215,-1139.862942,2101.763900,1.670210,-2.444929,-18.204200,0.581758,0.676795,-0.431283,-0.132281,0.180467,-0.064440,0.000000
164.700000,1167.822513,-1140.964755,2093.573556,1.659878,-2.452019,-18.197319,0.581758,0.676795,-0.431283,-0.132281,0.180467,-0.064440,0.000000
165.150000,1168.567165,-1142.069756,2085.386303,1.649571,-2.459106,-18.190447,0.581758,0.676795,-0.431283,-0.132281,0.180467,-0.064440,0.000000
165.600000,1169.307179,-1143.177943,2077.202138,1.639286,-2.466190,-18.183585,0.581758,0.676795,-0.431283,-0.132281,0.180467,-0.064440,0.000000
166.050000,1170.042560,-1144.289313,2069.021056,1.629022,-2.473271,-18.176732,0.581758,0.676795,-0.431283,-0.132281,0.180467,-0.064440,0.000000
166.500000,1170.773319,-1145.403868,2060.843054,1.618777,-2.480349,-18.169889,0.581758,0.676795,-0.431283,-0.132281,0.180467,-0.064440,0.000000
166.950000,1171.499467,-1146.521613,2052.668129,1.608550,-2.487425,-18.163057,0.581758,0.676795,-0.431283,-0.132281,0.180467,-0.064440,0.000000
167.400000,1172.221016,-1147.642551,2044.496276,1.598338,-2.494499,-18.156236,0.581758,0.676795,-0.431283,-0.132281,0.180467,-0.064440,0.000000
167.850000,1172.937980,-1148.766686,2036.327492,1.588141,-2.501574,-18.149427,0.581758,0.676795,-0.431283,-0.132281,0.180467,-0.064440,0.000000
168.300000,1173.650362,-1149.894012,2028.161772,1.577956,-2.508647,-18.142631,0.581758,0.676795,-0.431283,-0.132281,0.180467,-0.064440,0.000000
168.750000,1174.358155,-1151.024509,2019.999109,1.567781,-2.515716,-18.135844,0.581758,0.676795,-0.431283,-0.132281,0.180467,-0.064440,0.000000
169.200000,1175.061354,-1152.158156,2011.839495,1.557611,-2.522778,-18.129064,0.581758,0.676795,-0.431283,-0.132281,0.180467,-0.064440,0.000000
169.650000,1175.759949,-1153.294934,2003.682924,1.547445,-2.529830,-18.122290,0.581758,0.676795,-0.431283,-0.132281,0.180467,-0.064440,0.000000
170.100000,1176.453926,-1154.434809,1995.529392,1.537264,-2.536845,-18.115515,0.581758,0.676795,-0.431283,-0.132281,0.180467,-0.064440,0.000000
170.550000,1177.143239,-1155.577708,1987.378910,1.526991,-2.543707,-18.108725,0.581758,0.676795,-0.431283,-0.132281,0.180467,-0.064440,0.000000
171.000000,1177.827835,-1156.723548,1979.231490,1.516536,-2.550281,-18.101906,0.581758,0.676795,-0.431283,-0.132281,0.180467,-0.064440,0.000000
171.450000,1178.507663,-1157.872246,1971.087145,1.505811,-2.556431,-18.095040,0.581758,0.676795,-0.431283,-0.132281,0.180467,-0.064440,0.000000
171.900000,1179.182669,-1159.023717,1962.945889,1.494727,-2.562022,-18.088111,0.581758,0.676795,-0.431283,-0.132281,0.180467,-0.064440,0.000000
172.350000,1179.852698,-1160.177720,1954.807759,1.483066,-2.566724,-18.081081,0.581758,0.676795,-0.431283,-0.132281,0.180467,-0.064440,0.000000
172.800000,1180.517142,-1161.333328,1946.672899,1.470123,-2.569466,-18.073824,0.581758,0.676795,-0.431283,-0.132281,0.180467,-0.064440,0.000000
173.250000,1181.175429,-1162.489659,1938.541382,1.455852,-2.570177,-18.066332,0.581758,0.676795,-0.431283,-0.132281,0.180467,-0.064440,0.000000
173.700000,1181.827121,-1163.646046,1930.413250,1.440513,-2.569252,-18.058665,0.581758,0.676795,-0.431283,-0.132281,0.180467,-0.064440,0.000000
174.150000,1182.471810,-1164.801862,1922.288576,1.424183,-2.566810,-18.050856,0.581758,0.676795,-0.431283,-0.132281,0.180467,-0.064440,0.000000
174.600000,1183.109020,-1165.956378,1914.167429,1.407005,-2.563067,-18.042952,0.581758,0.676795,-0.431283,-0.132281,0.180467,-0.064440,0.000000
175.050000,1183.738273,-1167.108863,1906.049871,1.389126,-2.558247,-18.034996,0.581758,0.676795,-0.431283,-0.132281,0.180467,-0.064440,0.000000
175.500000,1184.359252,-1168.258829,1897.935933,1.370644,-2.552498,-18.027008,0.581758,0.676795,-0.431283,-0.132281,0.180467,-0.064440,0.000000
175.950000,1184.971755,-1169.405962,1889.825615,1.351617,-2.545910,-18.018993,0.581758,0.676795,-0.431283,-0.132281,0.180467,-0.064440,0.000000
176.400000,1185.575583,-1170.549957,1881.718917,1.332103,-2.538571,-18.010956,0.581758,0.676795,-0.431283,-0.132281,0.180467,-0.064440,0.000000
176.850000,1186.170545,-1171.690519,1873.615837,1.312160,-2.530569,-18.002899,0.581758,0.676795,-0.431283,-0.132281,0.180467,-0.064440,0.000000
177.300000,1186.756455,-1172.827359,1865.516373,1.291844,-2.521990,-17.994825,0.581758,0.676795,-0.431283,-0.132281,0.180467,-0.064440,0.000000
177.750000,1187.333154,-1173.960231,1857.420528,1.271205,-2.512908,-17.986742,0.581758,0.676795,-0.431283,-0.132281,0.180467,-0.064440,0.000000
178.200000,1187.900510,-1175.088930,1849.328310,1.250281,-2.503383,-17.978656,0.581758,0.676795,-0.431283,-0.132281,0.180467,-0.064440,0.000000
178.650000,1188.458398,-1176.213260,1841.239725,1.229112,-2.493473,-17.970577,0.581758,0.676795,-0.431283,-0.132281,0.180467,-0.064440,0.000000
179.100000,1189.006719,-1177.333066,1833.154773,1.207727,-2.483226,-17.962509,0.581758,0.676795,-0.431283,-0.132281,0.180467,-0.064440,0.000000
179.550000,1189.545379,-1178.448203,1825.073453,1.186155,-2.472684,-17.954455,0.581758,0.676795,-0.431283,-0.132281,0.180467,-0.064440,0.000000
180.000000,1190.074287,-1179.558523,1816.995763,1.164426,-2.461891,-17.946419,0.581758,0.676795,-0.431283,-0.132281,0.180467,-0.064440,0.000000
180.450000,1190.593355,-1180.663892,1808.921700,1.142565,-2.450888,-17.938402,0.581758,0.676795,-0.431283,-0.132281,0.180467,-0.064440,0.000000
180.900000,1191.102536,-1181.764230,1800.851257,1.120588,-2.439699,-17.930404,0.581758,0.676795,-0.431283,-0.132281,0.180467,-0.064440,0.000000
181.350000,1191.601791,-1182.859477,1792.784421,1.098508,-2.428343,-17.922422,0.581758,0.676795,-0.431283,-0.132281,0.180467,-0.064440,0.000000
181.800000,1192.091084,-1183.949573,1784.721183,1.076337,-2.416837,-17.914455,0.581758,0.676795,-0.431283,-0.132281,0.180467,-0.064440,0.000000
182.250000,1192.570380,-1185.034458,1776.661531,1.054086,-2.405201,-17.906498,0.581758,0.676795,-0.431283,-0.132281,0.180467,-0.064440,0.000000
182.700000,1193.039650,-1186.114084,1768.605457,1.031765,-2.393448,-17.898552,0.581758,0.676795,-0.431283,-0.132281,0.180467,-0.064440,0.000000
183.150000,1193.498870,-1187.188411,1760.552949,1.009383,-2.381591,-17.890614,0.581758,0.676795,-0.431283,-0.132281,0.180467,-0.064440,0.000000
183.600000,1193.948017,-1188.257397,1752.503999,0.986949,-2.369645,-17.882682,0.581758,0.676795,-0.431283,-0.132281,0.180467,-0.064440,0.000000
184.050000,1194.387066,-1189.320999,1744.458598,0.964470,-2.357622,-17.874756,0.581758,0.676795,-0.431283,-0.132281,0.180467,-0.064440,0.000000
184.500000,1194.815999,-1190.379186,1736.416742,0.941954,-2.345532,-17.866837,0.581758,0.676795,-0.431283,-0.132281,0.180467,-0.064440,0.000000
184.950000,1195.234796,-1191.431928,1728.378433,0.919406,-2.333384,-17.858929,0.581758,0.676795,-0.431283,-0.132281,0.180467,-0.064440,0.000000
185.400000,1195.643441,-1192.479197,1720.343673,0.896832,-2.321186,-17.851033,0.581758,0.676795,-0.431283,-0.132281,0.180467,-0.064440,0.000000
185.850000,1196.041917,-1193.520965,1712.312461,0.874239,-2.308947,-17.843154,0.581758,0.676795,-0.431283,-0.132281,0.180467,-0.064440,0.000000
186.300000,1196.430217,-1194.557213,1704.284789,0.851629,-2.296675,-17.835294,0.581758,0.676795,-0.431283,-0.132281,0.180467,-0.064440,0.000000
186.750000,1196.808343,-1195.587927,1696.260639,0.829009,-2.284376,-17.827450,0.581758,0.676795,-0.431283,-0.132281,0.180467,-0.064440,0.000000
187.200000,1197.176298,-1196.613096,1688.239994,0.806380,-2.272056,-17.819623,0.581758,0.676795,-0.431283,-0.132281,0.180467,-0.064440,0.000000
187.650000,1197.534087,-1197.632705,1680.222836,0.783749,-2.259722,-17.811812,0.581758,0.676795,-0.431283,-0.132281,0.180467,-0.064440,0.000000
188.100000,1197.881708,-1198.646746,1672.209154,0.761116,-2.247377,-17.804015,0.581758,0.676795,-0.431283,-0.132281,0.180467,-0.064440,0.000000
188.550000,1198.219156,-1199.655214,1664.198945,0.738483,-2.235024,-17.796234,0.581758,0.676795,-0.431283,-0.132281,0.180467,-0.064440,0.000000
189.000000,1198.546427,-1200.658107,1656.192208,0.715851,-2.222661,-17.788468,0.581758,0.676795,-0.431283,-0.132281,0.180467,-0.064440,0.000000
189.450000,1198.863513,-1201.655422,1648.188943,0.693219,-2.210289,-17.780717,0.581758,0.676795,-0.431283,-0.132281,0.180467,-0.064440,0.000000
189.900000,1199.170410,-1202.647153,1640.189148,0.670589,-2.197909,-17.772981,0.581758,0.676795,-0.431283,-0.132281,0.180467,-0.064440,0.000000
190.350000,1199.467112,-1203.633299,1632.192824,0.647960,-2.185522,-17.765260,0.581758,0.676795,-0.431283,-0.132281,0.180467,-0.064440,0.000000
190.800000,1199.753614,-1204.613856,1624.199968,0.625332,-2.173126,-17.757554,0.581758,0.676795,-0.431283,-0.132281,0.180467,-0.064440,0.000000
191.250000,1200.029909,-1205.588820,1616.210580,0.602708,-2.160723,-17.749863,0.581758,0.676795,-0.431283,-0.132281,0.180467,-0.064440,0.000000
191.700000,1200.295993,-1206.558188,1608.224660,0.580086,-2.148313,-17.742187,0.581758,0.676795,-0.431283,-0.132281,0.180467,-0.064440,0.000000
192.150000,1200.551859,-1207.521957,1600.242206,0.557468,-2.135897,-17.734525,0.581758,0.676795,-0.431283,-0.132281,0.180467,-0.064440,0.000000
192.600000,1200.797502,-1208.480124,1592.263217,0.534853,-2.123474,-17.726878,0.581758,0.676795,-0.431283,-0.132281,0.180467,-0.064440,0.000000
193.050000,1201.032920,-1209.432686,1584.287691,0.512243,-2.111046,-17.719245,0.581758,0.676795,-0.431283,-0.132281,0.180467,-0.064440,0.000000
193.500000,1201.258138,-1210.379655,1576.315616,0.489636,-2.098612,-17.711627,0.581758,0.676795,-0.431283,-0.132281,0.180467,-0.064440,0.000000
193.950000,1201.473188,-1211.321046,1568.346978,0.467033,-2.086173,-17.704023,0.581758,0.676795,-0.431283,-0.132281,0.180467,-0.064440,0.000000
194.400000,1201.678104,-1212.256874,1560.381760,0.444432,-2.073729,-17.696432,0.581758,0.676795,-0.431283,-0.132281,0.180467,-0.064440,0.000000
194.850000,1201.872920,-1213.187154,1552.419948,0.421832,-2.061282,-17.688854,0.581758,0.676795,-0.431283,-0.132281,0.180467,-0.064440,0.000000
195.300000,1202.057669,-1214.111902,1544.461526,0.399234,-2.048831,-17.681288,0.581758,0.676795,-0.431283,-0.132281,0.180467,-0.064440,0.000000
195.750000,1202.232385,-1215.031133,1536.506479,0.376637,-2.036377,-17.673734,0.581758,0.676795,-0.431283,-0.132281,0.180467,-0.064440,0.000000
196.200000,1202.397100,-1215.944862,1528.554792,0.354040,-2.023921,-17.666192,0.581758,0.676795,-0.431283,-0.132281,0.180467,-0.064440,0.000000
196.650000,1202.551849,-1216.853104,1520.606449,0.331442,-2.011463,-17.658661,0.581758,0.676795,-0.431283,-0.132281,0.180467,-0.064440,0.000000
197.100000,1202.696660,-1217.755873,1512.661437,0.308843,-1.999003,-17.651141,0.581758,0.676795,-0.431283,-0.132281,0.180467,-0.064440,0.000000
197.550000,1202.831346,-1218.653062,1504.719813,0.286252,-1.986549,-17.643632,0.581758,0.676795,-0.431283,-0.132281,0.180467,-0.064440,0.000000
198.000000,1202.955417,-1219.544403,1496.781736,0.263692,-1.974113,-17.636136,0.581758,0.676795,-0.431283,-0.132281,0.180467,-0.064440,0.000000
198.450000,1203.068358,-1220.429611,1488.847370,0.241187,-1.961710,-17.628655,0.581758,0.676795,-0.431283,-0.132281,0.180467,-0.064440,0.000000
198.900000,1203.169978,-1221.308581,1480.916776,0.218758,-1.949353,-17.621192,0.581758,0.676795,-0.431283,-0.132281,0.180467,-0.064440,0.000000
199.350000,1203.264008,-1222.183369,1472.988707,0.196384,-1.937029,-17.613739,0.581758,0.676795,-0.431283,-0.132281,0.180467,-0.064440,0.000000
